post,2876260291386621515,hadithapp2022,"ูุญูุฏููู 
ุฃูุฏู ููู ุงููุณุฎุฉ ุงูุฃููู ูู ุชุทุจูู ุญูุธ ุงูุญุฏูุซ ุงููุจูู
ุงูุชุทุจูู ุงูุฃูู ูู ููุนู ุนุฑุจูุง 
ูุณูุญ ููู ุจุงูุญูุธ ุซู ุงููุฑุงุฌุนุฉ ูุน ุนุฏุฉ ุงุฎุชุจุงุฑุงุช ููููุฌ ูุณุชูู ุฃุนูู 
ูุชุญููู ุงูุชุทุจูู :
https://play.google.com/store/apps/details?id=com.tanxe.hadith2022
ูู ุงูุชุธุงุฑ ุฅุตุฏุงุฑ ุงูุชุญุฏูุซ ุงูุซุงูู
ูู ุจุนูู ุฅุนุฌุงุจ ูุตูุญุฉ ุชุทุจูู ุญูุธ ุงูุญุฏูุซ ุงููุจูู ููุตูู ูู ุฌุฏูุฏ:
https://www.facebook.com/HadithsApp
ููุฏูู ุชุฑููุฌู ููุชุทุจูู ูุน ุชูุฏูู ูููุฒุงุชู :
https://youtu.be/TG5Qst3vnUk
ุดุงุฑู ุงูุชุทุจูู ูุน ุงูุนุงูู ููุณุชููุฏ ุงูุฌููุน๐ฅฐ",2022-07-06 08:42:47,,https://www.instagram.com/p/Cfqh371qT5L,GraphImage,1,[],[],[],2,2,,https://instagram.frba4-1.fna.fbcdn.net/v/t51.2885-15/291645918_1764933960521998_7014690178589913647_n.jpg?stp=dst-jpg_e35&_nc_ht=instagram.frba4-1.fna.fbcdn.net&_nc_cat=110&_nc_ohc=k1ZIdoBKek0AX96pSZB&edm=ALQROFkBAAAA&ccb=7-5&ig_cache_key=Mjg3NjI2MDI5MTM4NjYyMTUxNQ%3D%3D.2-ccb7-5&oh=00_AT8wimlah4y8mtPL-7kvDbZqASGZhv5xFKL1tlKUFOvUtw&oe=6303EC4C&_nc_sid=30a2ef
comment,18180068161226995,hadithapp2022,good,2022-08-17 15:32:18
comment,17962940824745277,mohamed_kanfoudi,Nice,2022-08-17 19:53:45
